ID,gedcom,sourceID,callnum,type,title,author,publisher,other,shorttitle,comments,actualtext,repoID,changedate,changedby
2296,Earlylds,S242,,,"USA - Illinois - Hancock County Tax Records",,,,,,,REPO7,"0000-00-00 00:00:00",Larry
56140,Earlylds,S54086,,,"Book - My Best for the Kingdom: History and Autobiography of John Lowe Butler","William G; Hartley","Aspen Books, Salt Lake City, Utah",,"My Best for the Kingdom -John Lowe Butler History",,,REPO51,"2009-05-25 22:38:52",foxgen
2289,Earlylds,S235,,,"USA - Illinois - Nauvoo Sexton Record of Burials, 1839-1846",,,,,,,REPO7,"0000-00-00 00:00:00",Larry
2283,Earlylds,S229,,,"LDS - Seventies Ordained After 1849, Autobiographies",,"LDS Church Archives",,,,,REPO3,"0000-00-00 00:00:00",Larry
2278,Earlylds,S224,,,"Book - A Grave Experience at the Mormon Pioneer Winter Quarters Cemetery","Jensen, Carlye B. and Gail George Holmes","Oct 1999",,,,,REPO14,"0000-00-00 00:00:00",Larry
2276,Earlylds,S222,,,"LDS - Seventies Records, Autobiographies",,"LDS Church Archives",,,,,REPO3,"0000-00-00 00:00:00",Larry
2271,Earlylds,S217,,,"Family History Research",,,,,,,,"0000-00-00 00:00:00",Larry
2270,Earlylds,S216,"FHL Film # 26418 Items 1-4",,"LDS - Record of members, [1860]-1950","Church of Jesus Christ of Latter-day Saints, Pine Valley Ward (Utah)","Salt Lake City, Utah : Filmed by the Genealogical Society of Utah, 1952",,,,,REPO4,"0000-00-00 00:00:00",Larry
2269,Earlylds,S215,"FHL Film #889413 Items 2-5, Index Item1",,"LDS - Lehi (Utah) Ward Records, Record of members, 1851-1903","Church of Jesus Christ of Latter-day Saints, Lehi Ward (Utah)","Salt Lake City, Utah : Filmed by the LDS Church Historian's Office, 1969",,,,,REPO4,"0000-00-00 00:00:00",Larry
2268,Earlylds,S214,"Manuscript Collection 1130 HBLL MSS SC 857",,"Manuscript - William Snow Journal","Snow William 1806-1879",,,,,,REPO2,"0000-00-00 00:00:00",Larry
2266,Earlylds,S212,,,"Periodical - Utah Genealogical and Historical Magazine",,,,,,,REPO2,"0000-00-00 00:00:00",Larry
2267,Earlylds,S213,"FHL Film #  944167",,"USA - Vermont - Town records, 1788-1843","Saint Johnsbury Vermont Town Clerk","Salt Lake City, Utah : Filmed by the Genealogical Society of Utah, 1951, 1973, 1993-1994",,,,,REPO4,"0000-00-00 00:00:00",Larry
2265,Earlylds,S211,"929.273 Sn61b",,"Book - Valiant in the Faith : Gardner and Sarah Snow and Their Family","Archibald F. and Ella M. Bennett and Barbara Bennett Roach","Murray, Utah : Roylance Publishing, c1990",,,,,REPO4,"0000-00-00 00:00:00",Larry
2264,Earlylds,S210,"mcd/C S69/B6",,"Newspaper - Boston Transcript Genealogy Newspaper Columns: Clippings of June 6, 1896 - April 30, 1941",,,,,,,REPO13,"0000-00-00 00:00:00",Larry
2258,Earlylds,S204,,,"LDS - Miller File","Miller, Rowena",,,,,,REPO7,"0000-00-00 00:00:00",Larry
2240,Earlylds,S186,,,"Database - Pedigree Resource File","Church of Jesus Christ of Latter-day Saints","Intellectual Reserve, Inc., Salt Lake City, Utah, 2001",,,,,REPO4,"0000-00-00 00:00:00",Larry
2237,Earlylds,S183,,,"Internet Link - Utah, Cemeteries and Burials Database","Utah State Historical Society",,,,,,REPO12,"2008-10-23 04:13:33",Larry
2239,Earlylds,S185,,,"Book - Profile of Latter-day Saints of Kirtland, Ohio and Members of Zion's Camp, 1830-1839; vital stats and sources","Backman, Milton V., Jr., Compiler","Brigham Young University, Provo, Utah, 1982",,,,,REPO3,"2008-10-24 02:22:24",Larry
2234,Earlylds,S180,,,"Book - Nauvoo Temple Officers and Laborers",,,,,,,REPO7,"0000-00-00 00:00:00",Larry
2199,Earlylds,S145,,,"LDS - Nauvoo Death Records",,,,,,,REPO7,"0000-00-00 00:00:00",Larry
2181,Earlylds,S127,,,"Book - Nauvoo Deaths and Marriages, 1839-1845","Cook, Lyndon W.","Grandin Book Company, Orem, Utah, 1994",,,,,REPO2,"0000-00-00 00:00:00",Larry
2175,Earlylds,S121,,,"Book - Conquerors of the West:  Stalwart Mormon Pioneers, 4 vols.","Youngberg, Florence C., Compiler","Sons of the Utah Pioneers, 1999",,,,,REPO2,"0000-00-00 00:00:00",Larry
2154,Earlylds,S100,,,"LDS - Seventies Ordained Before 1850, Autobiographies",,"LDS Church Archives",,,,,REPO3,"0000-00-00 00:00:00",Larry
2155,Earlylds,S101,,,"Database - Writings of Early Latter-day Saints and their Contemporaries","Backman, Milton V., Jr., Compiler",,,,,,REPO3,"0000-00-00 00:00:00",Larry
2144,Earlylds,S90,,,"LDS - Mount Pisgah Monument","Church of Jesus Christ of Latter-day Saints",1888,,,,,REPO11,"0000-00-00 00:00:00",Larry
2136,Earlylds,S82,,,"Book - Mormon Battalion: US Army of the West, 1846-1848","Ricketts, Norma Baldwin",,,,,,REPO2,"0000-00-00 00:00:00",Larry
2131,Earlylds,S77,,,"USA - Nebraska - Winter Quarters & Mt. Pisgah Burial & Death Records",,,,,,,REPO3,"0000-00-00 00:00:00",Larry
2129,Earlylds,S75,,,"Internet Link - Pottawattamie County Information",,,,,,,REPO10,"2008-10-23 04:10:55",Larry
2127,Earlylds,S73,,,"Article - ""Tragedy at Winter Quarters, Alphabetical Listing of Saints""","Jenson, Andrew","Salt Lake Deseret News, 5 Sep-7 Nov 1936",,,,,REPO4,"0000-00-00 00:00:00",Larry
2128,Earlylds,S74,,,"Internet Link - RootsWeb WorldConnect Family Trees",,,,,,,REPO9,"2008-10-23 04:11:34",Larry
2125,Earlylds,S71,,,"Database - Nauvoo Databank",,,,,,,REPO6,"0000-00-00 00:00:00",Larry
2115,Earlylds,S61,,,"LDS - High Priests, Nauvoo and Salt Lake",,,,,,,REPO3,"0000-00-00 00:00:00",Larry
2114,Earlylds,S60,,,"LDS - Early High Priests, Autobiographies",,,,,,,REPO3,"0000-00-00 00:00:00",Larry
2112,Earlylds,S58,,,"Book - LDS Biographical Encyclopedia, 4 vols","Jenson, Andrew","Andrew Jenson History Co., Salt Lake City, Utah, 1901",,,,,REPO2,"0000-00-00 00:00:00",Larry
2110,Earlylds,S56,,,"RLDS - Early Members of the Reorganized Church of Jesus Christ of Latter Day Saints, 6 vols.","Susan Easton Black, compiler",,,,,,REPO3,"0000-00-00 00:00:00",Larry
2103,Earlylds,S49,,,"LDS - 1842 Nauvoo LDS Census","Church of Jesus Christ of Latter-day Saints",,,,,,REPO7,"0000-00-00 00:00:00",Larry
2097,Earlylds,S43,,,"Book - Pioneers of 1847","Black, Susan Easton, Compiler","Provo, Utah 1980",,,,,REPO2,"0000-00-00 00:00:00",Larry
2094,Earlylds,S40,,,"Book - Mormon Redress Petitions - Documents of the 1833-1838 Missouri Conflict","Johnson, Clark V., Editor","Religious Studies Center Monograph Series, Vol 16, Brigham Young University, Provo, Utah",,,,,REPO3,"0000-00-00 00:00:00",Larry
2093,Earlylds,S39,,,"Book - Winter Quarters Wards Membership Lists 1846 - 1848","Historical Department Church of Jesus Christ of Latter-day Saints",,,,,,,"2010-09-22 19:20:05",FoxGen
2091,Earlylds,S37,,,"USA - 1870 United States Census","US Census Bureau",,,,,,REPO8,"0000-00-00 00:00:00",Larry
2090,Earlylds,S36,,,"USA - 1860 United States Census","US Census Bureau",,,,,,REPO8,"0000-00-00 00:00:00",Larry
2089,Earlylds,S35,,,"Internet Link - Ancestral File","The Church of Jesus Christ of Latter-day Saints","Copyright (c) 1987, June 1998",,,,,REPO1,"2008-10-23 03:47:00",Larry
2088,Earlylds,S34,,,"Book - History of the Nauvoo Legion in Illinois","Sweeney, John, Jr.","MA Thesis, Brigham Young University",,,,,REPO2,"0000-00-00 00:00:00",Larry
2087,Earlylds,S33,,,"LDS - Seventies: Early Seventies","Black, Harvey Bischoff, Compiler and Editor",,,,,,REPO3,"0000-00-00 00:00:00",Larry
1487,Earlylds,S54091,,,"Internet Link - Pioneer Overland Travel, 1847 - 1868",,,,,,,REPO1,"2011-01-29 13:53:10",FoxGen
2082,Earlylds,S28,,,"LDS - Nauvoo Marriage Record","Nauvoo Restoration Incorporated",,,,,,REPO7,"0000-00-00 00:00:00",Larry
2079,Earlylds,S25,,,"USA - Illinois - Hancock County Marriage Index, 1829-1849","Tri-County Genealogical Society, compiler",1983,,,,,REPO7,"0000-00-00 00:00:00",Larry
2077,Earlylds,S23,,,"Family Records",,"Submitted by patrons to Land and Records Office",,,,,REPO7,"0000-00-00 00:00:00",Larry
2076,Earlylds,S22,,,"LDS - Early Mormon Records",,,,,,,REPO7,"0000-00-00 00:00:00",Larry
2075,Earlylds,S21,,,"LDS - List of Known Dead Buried in Old Nauvoo Burial Ground",,,,,,,REPO6,"0000-00-00 00:00:00",Larry
2072,Earlylds,S18,,,"Book - Guide to Mormon Diaries","Bitton, Davis",,,,,,REPO2,"0000-00-00 00:00:00",Larry
2073,Earlylds,S19,,,"Book - Pioneers and Prominent Men of Utah, 2 vols","Esshom, Frank","Salt Lake City:  1913",,,,,REPO4,"0000-00-00 00:00:00",Larry
2069,Earlylds,S15,,,"USA - 1850 United States Census","US Census Bureau",,,,,,REPO8,"0000-00-00 00:00:00",Larry
2067,Earlylds,S13,,,"Internet Link - Pioneer Research Group Project - http://www.pioneerresearchgroup.org",,,,,,,REPO5,"2008-10-23 04:10:16",Larry
2066,Earlylds,S12,,,"Internet Link - BYU Winter Quarters Project - http://winterquarters.byu.edu",,,,,,,,"2008-10-23 03:51:30",Larry
2064,Earlylds,S10,,,"Periodical - The Nauvoo Journal",,"Salt Lake City, Utah, 1989-1999",,,,,REPO2,"0000-00-00 00:00:00",Larry
2065,Earlylds,S11,,,"Book - Treasures of Pioneer History, 6 vols.","Carter, Kate B., Compiler","Daughers of the Utah Pioneers, Salt Lake City, Utah, 1952-1957",,,,,REPO3,"0000-00-00 00:00:00",Larry
2063,Earlylds,S9,,,"Book - Pioneer Women of Faith and Fortitude, 4 vols","International Society of Daughters of the Utah Pioneers","Salt Lake City, Utah, 1998",,,,,REPO2,"0000-00-00 00:00:00",Larry
2062,Earlylds,S8,,,"Book - Our Pioneer Heritage, 20 vols.","Daughters of the Utah Pioneers","Salt Lake City: 1958-1977",,,,,REPO3,"0000-00-00 00:00:00",Larry
2061,Earlylds,S7,,,"LDS - Nauvoo Temple Endowment Register","Church of Jesus Christ of Latter-day Saints",1845-1846,,,,,REPO4,"0000-00-00 00:00:00",Larry
2060,Earlylds,S6,,,"LDS - Membership of The Church of Jesus Christ of Latter-day Saints:1830-1848, 50 vols.","Black, Susan Easton, Compiler","LDS Church, Salt Lake City, 1990",,,,,REPO4,"0000-00-00 00:00:00",Larry
2059,Earlylds,S5,,,"Book - Heart Throbs of the West, 12 vols.","Carter, Kate B., compiler","Daughters of the Utah Pioneers, Salt Lake City, Utah, 1939-1951",,,,,REPO3,"0000-00-00 00:00:00",Larry
2058,Earlylds,S4,,,"Book - Annotated Record of Baptisms for the Dead, Nauvoo, 7 vols.","Black, Susan Easton","Brigham Young University, Provo, Utah 84602",,,,,REPO2,"0000-00-00 00:00:00",Larry
2057,Earlylds,S3,,,"LDS - Iowa Branches Members Index 1829 - 1859, Volumes I and II","Watt, Ronald G.","Historical Department Church of Jesus Christ of Latter-day Saints 1991,",,,,,,"0000-00-00 00:00:00",Larry
2056,Earlylds,S2,,,"Internet Link - International Genealogical Index","The Church of Jesus Christ of Latter-day Saints",,,,,,REPO1,"2008-10-23 04:03:48",Larry
2337,Earlylds,S283,,,"USA - Nebraska - Winter Quarters Tombstone Inscriptions","Pioneer Research Group",,,,,,REPO14,"0000-00-00 00:00:00",Larry
2373,Earlylds,S319,"929.273 Sn61g 1996",,"Book - History of the William Snow and Robert Gardner families : pioneers of 1847 and 1850","Celestia Snow Gardner","BYU Press, 1996",,,,,REPO4,"0000-00-00 00:00:00",Larry
2379,Earlylds,S325,,,"Book - An Enduring Legacy","Pearce, Louise B., Editor","Daughters of the Utah Pioneers, Salt Lake City, Utah, 1985",,,,,REPO2,"0000-00-00 00:00:00",Larry
2380,Earlylds,S326,,,"LDS - History of the Church, 7 Vols.","Roberts, Brigham Henry, Editor","Deseret Book, Salt Lake City, Utah, 1976-1980",,,,,REPO2,"0000-00-00 00:00:00",Larry
2381,Earlylds,S327,,,"LDS - Morley Settlement File",,"Land and Records Office",,,,,REPO7,"0000-00-00 00:00:00",Larry
2402,Earlylds,S348,,,"Internet Link - ""The 'Tabernacle Post Office' Petition for the Saints of Kanewville, Iowa""",,"Mormon Historical Studies, Vol 5, No. 1, Spring 2004",,,,,,"0000-00-00 00:00:00",Larry
2532,Earlylds,S478,,,"LDS - Women's Exponent","Church of Jesus Christ of Latter-day Saints","Early LDS Periodical published from 1872-1914",,,,,REPO2,"0000-00-00 00:00:00",Larry
2545,Earlylds,S491,,,"Book - Sacred Places Ohio and Illinois","Berrett, LaMar C., Editor","Deseret Book Company, Salt Lake City, Utah, 2002",,,,,REPO2,"0000-00-00 00:00:00",Larry
2546,Earlylds,S492,,,"Internet Link - ""A Room of Round Logs with a Dirt Roof:  Ute Perkins' Stewardship to Look after Mormon Battalion Families","Eugene H. Perkins and Waldo C. Perkins","Mormon Historical Studies, Vol 1, No. 1, Spring 2000",,,,"On 17 July 1846, 89 bishops were called to look after the wives and families of the Mormon Battalion.",REPO2,"2008-10-23 04:00:20",Larry
2598,Earlylds,S544,,,"LDS - Times and Seasons, 6 vols.","Church of Jesus Christ of Latter-day Saints","Early LDS Periodical published in Nauvoo, Illinois, 1839-1846",,,,,REPO3,"0000-00-00 00:00:00",Larry
2628,Earlylds,S574,,,"Internet Link - The Cemetery Record of William D, Huntiington, Nauvoo Sexton","Woods, Fred E.","Mormon Historical Studies, Vol 3, No. 1, Spring 2002",,,,,REPO2,"2008-10-23 03:02:32",Larry
2629,Earlylds,S575,,,"Book - Cemeteries of Hancock County","Trapp, Michael?",,,,,,,"0000-00-00 00:00:00",Larry
2630,Earlylds,S576,,,"Manuscript - Nauvoo Deaths and Burials",,,,,,,,"0000-00-00 00:00:00",Larry
2634,Earlylds,S580,,,"Book - Women and Children of the Mormon Battalion",,,,,,,REPO2,"0000-00-00 00:00:00",Larry
2636,Earlylds,S582,,,"USA - 1880 United States Census","US Census Bureau; Data entered by The Church of Jesus Christ of Latter-day Saints","Copyright (c) 2000, 2002 FamilySearch (TM) Internet Genealogy Service",,,,,REPO1,"0000-00-00 00:00:00",Larry
2655,Earlylds,S601,,,"Internet Link - ""This Institution Is a Good One: The Female Relief Society of Nauvoo, 17 March 1842 to 16 March 1844""","Maurine Carr Ward","Mormon Historical Studies,  Fall 2002",,,,,,"0000-00-00 00:00:00",Larry
2822,Earlylds,S768,,,"LDS - Temple Index Bureau Card File","Church of Jesus Christ of Latter-day Saints",,,,,,REPO4,"0000-00-00 00:00:00",Larry
2827,Earlylds,S773,,,"Book - Old Mormon Nauvoo 1839-1846","Holzapfel, Richard N. and T. Jeffery Cottle","Grandin Book Company, Provo, Utah, 1990",,,,,REPO2,"0000-00-00 00:00:00",Larry
2830,Earlylds,S776,,,"Database - Utah Death Index, 1905-1951",,,,,,,REPO8,"0000-00-00 00:00:00",Larry
2944,Earlylds,S890,,,"Book - Who's Who in the Doctrine and Covenants","Black, Susan Easton",,,,,,REPO2,"0000-00-00 00:00:00",Larry
2945,Earlylds,S891,,,"Periodical - Mormon Historical Studies","Maurine Carr Ward, editor","Mormon Historic Sites Foundation",,,,,REPO2,"0000-00-00 00:00:00",Larry
2991,Earlylds,S937,,,"Manuscript - Biographies of the Mormon Battalion","Black, Susan Easton and Larry C. Porter",Unpublished,,,,,REPO3,"0000-00-00 00:00:00",Larry
3026,Earlylds,S972,,,"USA - 1840 United States Census","US Census Bureau",,,,,,REPO8,"0000-00-00 00:00:00",Larry
3118,Earlylds,S1064,,,"Database - Utah Cemetery Inventory","Utah State Historical Society, comp.","Salt Lake City, UT: 2000.",,,,,REPO8,"0000-00-00 00:00:00",Larry
3195,Earlylds,S1141,,,"Book - History of Joseph Smith by His Mother","Smith, Lucy Mack","Bookcraft, Salt Lake City, Preston Nibley, Editor 1901",,,,,REPO2,"0000-00-00 00:00:00",Larry
3196,Earlylds,S1142,,,"Book - Early Missionary Journeys","Black, Susan Easton",,,,,,REPO2,"0000-00-00 00:00:00",Larry
3198,Earlylds,S1144,"BX 8670.07 .Sm625",,"Book - Mary Bailey","Smith, Ruby Kate","Salt Lake City, Deseret Book, 1954",,,,,REPO2,"0000-00-00 00:00:00",Larry
3200,Earlylds,S1146,,,"LDS - Nauvoo Neighbor, 3 vols.","Taylor, John and Wilford Woodruff, Editors","Nauvoo, Illinois, 1843-1845",,,,,REPO2,"0000-00-00 00:00:00",Larry
3265,Earlylds,S1211,,,"Internet Link - The US Mormon Batallion, Inc.","Carl V. Larson",,,,,,REPO16,"2008-10-23 04:12:53",Larry
3359,Earlylds,S1305,,,"Book - Chronicles of Courage, 8 vols.",,"Daughters of the Utah Pioneers, 1990-1997",,,,,REPO2,"0000-00-00 00:00:00",Larry
3482,Earlylds,S1428,,,"Manuscript - Hancock County Cemeteries",,,,,,,REPO7,"0000-00-00 00:00:00",Larry
3535,Earlylds,S1481,,,"RLDS - Early Reorganization Minutes 1872-1905",,,,,,,REPO3,"0000-00-00 00:00:00",Larry
3643,Earlylds,S1589,,,"LDS - Nauvoo, Members, List of,  who arrived after 1841",,,,,,,REPO7,"0000-00-00 00:00:00",Larry
3836,Earlylds,S1782,,,"LDS - The Wasp",,"Early LDS Periodical published in Nauvoo, Illinois",,,,,,"0000-00-00 00:00:00",Larry
3923,Earlylds,S1869,,,"LDS - Millenial Star",,"Early LDS Periodical published in England",,,,,REPO2,"0000-00-00 00:00:00",Larry
3956,Earlylds,S1902,,,"Book - History of Utah, 4 vols.","Whitney, Orson F.","George Q. Cannon and Sons, Publishers, 1904",,,,,REPO2,"0000-00-00 00:00:00",Larry
3997,Earlylds,S1943,,,"Database - Sons of Utah Pioneers Memorial Gallery Index Cards","Sons of Utah Pioneers",,,,,,REPO8,"0000-00-00 00:00:00",Larry
3999,Earlylds,S1945,,,"Database - Iowa Cemetery Records","Works Progress Administration",,,,,,REPO8,"0000-00-00 00:00:00",Larry
4008,Earlylds,S1954,,,"Internet Link - Eastern Idaho Death Records","BYU Idaho",,,,,,REPO17,"2008-10-23 03:58:19",Larry
4009,Earlylds,S1955,,,"Database - Pioneer Immigrants to Utah Territory","Sons of the Utah Pioneers",,,,,,REPO8,"0000-00-00 00:00:00",Larry
4010,Earlylds,S1956,,,"Internet Link - Early Utah Pioneers - Levi Hammon and Polly Chapman Bybee","Betsy Robena H. Greenwell","Kaysville, Utah : Inland Printing, [1964?]",,,,,,"2008-10-23 03:57:40",Larry
4227,Earlylds,S2173,"929.273 R569a",,"Book - The Illustrious Robisons, 2 vols","Matheson, Veldron Robison",1907,,,,,REPO4,"0000-00-00 00:00:00",Larry
4327,Earlylds,S2273,,,"Periodical - BYU Studies",,"Brigham Young University, Provo, Utah",,,,,REPO2,"0000-00-00 00:00:00",Larry
4523,Earlylds,S2469,,,"Book - Women's Voices:  An Untold History of the Latter-day Saints, 1830â€“1900","Godfrey, Kenneth W. and Godfrey, Audrey, compilers and editors","Deseret Book, Salt Lake City, Utah, 1982",,,,,REPO2,"0000-00-00 00:00:00",Larry
4562,Earlylds,S2508,"BX 8670 .M454f 1999",,"Book - Five Hundred Wagons Stood Still: Mormon Batallion wives","Maynes, Shirley N.","Sandy, Utah : S. Maynes, c1999
.",,,,,REPO2,"0000-00-00 00:00:00",Larry
4563,Earlylds,S2509,,,"Book - Database of the Mormon Battalion","Larson, Carl V.",,,,,,,"0000-00-00 00:00:00",Larry
4564,Earlylds,S2510,,,"Article - ""Snow Family. 'Farr Ancestry'""","Stone, Merlin J., b. 1853","From ""The Commonwealth."", 1898",,,,,REPO18,"0000-00-00 00:00:00",Larry
4707,Earlylds,S2653,,,"Book - The Women of Mormondom","Tulidge, Edward Wheelock","Salt Lake City, Utah, 1877; reprinted 1957",,,,,REPO2,"0000-00-00 00:00:00",Larry
4740,Earlylds,S2686,,,"LDS - Kirtland Elders' Record","Cook, Lyndon W. and Milton V. Backman, Jr., Editors","Grandin Books, Provo, Utah, 1985",,,,,REPO3,"0000-00-00 00:00:00",Larry
4984,Earlylds,S2930,"Filmed 1968, 1973 on 248 microfilm reels",,"LDS - Journal History of the Church, 1830-1973","Church Historian's Office","LDS Church Family History Department",,,,,REPO4,"0000-00-00 00:00:00",Larry
4993,Earlylds,S2939,,,"Database - Missouri, Far West Burial Ground","Riggs, Michael and Leslie Brooks","Far West Cultural Center, Far West, Missouri",,,,,REPO19,"0000-00-00 00:00:00",Larry
4994,Earlylds,S2940,,,"Book - Reminiscences of Latter-day Saints","Littlefield, Lyman Omer - Autobiography","Utah Journal Co., Logan, Utah, 1888",,,,,REPO3,"0000-00-00 00:00:00",Larry
5106,Earlylds,S3052,"FHL #1033632 Item 9",,"Book - Diary [of] patriarch John Boice, body guard [sic] of the Prophet Joseph Smith, and Mary Ann Barzee, pioneer, wife,","Pickens, Gwendolyn, editor","[Huntington Beach? California] : Gwendolyn, c1979",,,,,REPO4,"0000-00-00 00:00:00",Larry
5107,Earlylds,S3053,"929.273 B635",,"Book - Sons of God","Pickens, Gwendolyn","[Stanton, California] : G. Pickens, c1984",,,,,REPO4,"0000-00-00 00:00:00",Larry
5451,Earlylds,S3397,"MSS SC 1880",,"Manuscript - Diary of Lorenzo Brown - 1875-1877","Lorenzo John Brown 1854-1935",,,,,,REPO2,"0000-00-00 00:00:00",Larry
5452,Earlylds,S3398,"MSS 497",,"Manuscript - Diary and autobiography, 1856-1899 Brown, Lorenzo, 1823-1901","Lorenzo Brown 1823-1901",,,,,,REPO2,"0000-00-00 00:00:00",Larry
5513,Earlylds,S3459,,,"LDS - Nauvoo Civil Marriages",Emerson,,,,,,REPO7,"0000-00-00 00:00:00",Larry
5548,Earlylds,S3494,,,"Newspaper - Salt Lake (Utah) Deseret News",,"Deseret News Company",,,,,REPO4,"0000-00-00 00:00:00",Larry
5549,Earlylds,S3495,,,"Article - ""Teenage Witness to the Martyrdom""","Golden R. Buchenan","Ensign, June 1974, Church of Jesus Christ of Latter-day Saints",,,,,REPO15,"0000-00-00 00:00:00",Larry
5836,Earlylds,S3782,,,"Book - The Ancestors of Gideon Burdick","Bennett, Archibald F.","Salt Lake City, Utah : Filmed by the Genealogical Society of Utah, 2003",,,,,REPO4,"0000-00-00 00:00:00",Larry
5980,Earlylds,S3926,,,"USA - Illinois - Hancock County Marriage index","Lawton, Dorris, Compiler","Hancock County Historical Society, Illinois, 1990",,,,,REPO7,"0000-00-00 00:00:00",Larry
6004,Earlylds,S3950,,,"LDS - Far West Record: Minutes of the Church of Jesus Christ of Latter-day Saints, 1830-1844","Cannon, Donald Q. and Lyndon W. Cook","Deseret Book, Salt Lake City, Utah, 1983",,,,,REPO4,"0000-00-00 00:00:00",Larry
6211,Earlylds,S4157,,,"Book - Women of the Mormon Battalion","Larsen, Carl V. and Shirley N. Maynes, Compilers and Editors",,,,,,REPO2,"0000-00-00 00:00:00",Larry
6538,Earlylds,S4484,"BX 8609 .G82f 1860",,"Book - Fifteen Years Among the Mormons; being the narrative of Mrs. Mary Ettie V. Smith, late of Great Salt Lake City","Green, Nelson Winch","New York: H. Dayton, 1860 c 1857",,,,,REPO2,"0000-00-00 00:00:00",Larry
6628,Earlylds,S4574,,,"LDS - 1848 Emigration List",,,,,,,REPO7,"0000-00-00 00:00:00",Larry
7013,Earlylds,S4959,"FHL Film 673268 Item 17",,"Book - The Williams Genealogy","Williams, Deward C.",,,,,,REPO4,"0000-00-00 00:00:00",Larry
7207,Earlylds,S5153,,,"Internet Link - Crossroads to the West, a Mormon Trail Pioneer Database","Pioneer Research Group, Omaha, Nebraska",,,,,,REPO5,"2008-10-23 03:55:41",Larry
7270,Earlylds,S5216,,,"USA - Illinois - Hancock County, 1842 Personal Property Tax Record",,"Nauvoo Restoration Inc.",,,,,REPO7,"0000-00-00 00:00:00",Larry
7328,Earlylds,S5274,,,"Database - Mormon Immigration Index 1840-1890","Church of Jesus Christ of Latter-day Saints","CD #50174",,,,,REPO4,"0000-00-00 00:00:00",Larry
7777,Earlylds,S5723,,,"USA - 1830 United States Census","US Census Bureau",,,,,,REPO8,"0000-00-00 00:00:00",Larry
8648,Earlylds,S6594,,,"Internet Link - Lone Rock Cemetery Records, Richland Co., Wisconsin",,,,,,,REPO20,"2008-10-23 04:05:49",Larry
8813,Earlylds,S6759,"Q 929.273 Sn61sb",,"Book - Snow : History of Levi and Lucina Streeter Snow Family","Snow, Bess, Compiler",1940,,,,,REPO4,"0000-00-00 00:00:00",Larry
9420,Earlylds,S7366,,,"Manuscript - The Record","Electa Caroline Briggs Williams (1805-1872)",Manuscript,,,,,REPO21,"0000-00-00 00:00:00",Larry
9960,Earlylds,S7906,,,"LDS - Patriarchal Blessing Index","LDS Church",,,,,,REPO4,"0000-00-00 00:00:00",Larry
9961,Earlylds,S7907,,,"USA - Utah - Third District Court declaration of intentions","Utah District Court, Salt Lake County",,,,,,REPO22,"0000-00-00 00:00:00",Larry
9962,Earlylds,S7908,"FHL Fiche # 66051208",,"Book - Registry of names of persons residing in the various Wards as to Bishops Reports, 1852-1853",,,,,,,REPO4,"0000-00-00 00:00:00",Larry
10089,Earlylds,S8035,,,"Database - The Ship Brooklyn Passenger List, 1846",,,,,,,REPO23,"0000-00-00 00:00:00",Larry
10363,Earlylds,S8309,"921.73 C883a",,"Book - Jesse Wentworth Crosby, Mormon preacher, pioneer, man of God : his ancestry, his life, some of his progeny","Crosby, Samuel Wallace",1977,,,,,REPO4,"0000-00-00 00:00:00",Larry
10368,Earlylds,S8314,,,"Internet Link - Deseret News Semi-Weekly Death and Marriage Notices",,,,,,,REPO24,"2008-10-23 03:57:02",Larry
10668,Earlylds,S8614,,,"Book - Nauvoo, Gateway to the West","Blum, Ida",,,,,,REPO2,"0000-00-00 00:00:00",Larry
10786,Earlylds,S8732,"973.343 H2",,"Book - The History of Hancock County, Illinois","Cocheran, Robert M.","[Carthage, Illinois] : Board of Supervisors of Hancock County, c1968",,,,,REPO4,"0000-00-00 00:00:00",Larry
10886,Earlylds,S8832,,,"Database - New Orleans Passenger Lists 1820-1945",Ancestry.com,"MyFamily.com, Inc., 2006",,,,,REPO8,"0000-00-00 00:00:00",Larry
11055,Earlylds,S9001,,,"Internet Link - ""A Tragic Episode in American Religious History""","Far West Cultural Center, Far West, Missouri",,,,,,REPO19,"0000-00-00 00:00:00",Larry
11411,Earlylds,S9357,,,"LDS - Messenger and Advocate",,"Early LDS Periodical published in Kirtland, Ohio and Far West, Missouri",,,,,REPO3,"0000-00-00 00:00:00",Larry
11482,Earlylds,S9428,,,"Book - The Iowa Mormon Trail","Black, Susan Easton and William G. Hartley, editors","Helix Publishing, Orem, Utah, 1997.",,,,,REPO2,"0000-00-00 00:00:00",Larry
11624,Earlylds,S9570,,,"Manuscript - Journal of Joseph Fielding","Fielding, Joseph",,,,,,REPO21,"0000-00-00 00:00:00",Larry
11908,Earlylds,S9854,,,"Internet Link - The Telle Book","Markham, Julie Cannon",,,,,,REPO25,"2008-10-23 04:12:15",Larry
11936,Earlylds,S9882,,,"England - 1841 England Census","The National Archives of the UK (TNA)","Original data: Census Returns of England and Wales, 1841.",,,,,REPO8,"0000-00-00 00:00:00",Larry
12352,Earlylds,S10298,"Special Collections",,"LDS - Endowment House Temple Records","The Church of Jesus Christ of Latter-day Saints",,,,,,REPO4,"0000-00-00 00:00:00",Larry
12558,Earlylds,S10504,,,"LDS - Church Chronology","Jenson, Andrew","Deseret News Press, Salt Lake City, Utah, 1914",,,,,REPO2,"0000-00-00 00:00:00",Larry
13538,Earlylds,S11484,"Reel 227",,"LDS - Index of Deceased Membership Records","The Church of Jesus Christ of Latter-day Saints",1941-1974,,,,,REPO4,"0000-00-00 00:00:00",Larry
14567,Earlylds,S12513,,,"Internet Link - Building Up a City",,,,,,,REPO26,"2008-10-23 03:48:10",Larry
15505,Earlylds,S13451,,,"England - Crathorne Yorkshire - Bishop's Transcripts 1597-1906","Church of England",,,,,,REPO49,"0000-00-00 00:00:00",Larry
15674,Earlylds,S13620,"1421682 Item 4",,"Book - Advancing the Mormon frontier : the life and times of Joseph Stacy Murdock; pioneer, colonizer, peacemaker","Thompson, George A.","Salt Lake City, Utah : Filmed by the Genealogical Society of Utah, 1986",,,,,REPO4,"0000-00-00 00:00:00",Larry
15865,Earlylds,S13811,,,"Periodical - Journal of the John Whitmer Historical Association","John Whitmer Historical Association",,,,,,REPO2,"0000-00-00 00:00:00",Larry
16385,Earlylds,S14331,,,"Book - Papers of Joseph Smith, Biographical Register","Jesse, Dean C., Editor",,,,,,REPO3,"0000-00-00 00:00:00",Larry
16756,Earlylds,S14702,,,"USA - 1900 United States Census","US Census Bureau",,,,,,REPO8,"0000-00-00 00:00:00",Larry
17318,Earlylds,S15264,,,"Database - Idaho Death Index, 1911-1951",,,,,,,REPO8,"0000-00-00 00:00:00",Larry
18982,Earlylds,S16928,,,"Periodical - Utah Historical Quarterly","Utah State Historical Society","Salt Lake City, Utah : Utah State Historical Society, 1928-",,,,,REPO2,"0000-00-00 00:00:00",Larry
19139,Earlylds,S17085,,,"Book - Family Bible of Hiram Kimball and Sarah Granger Kimball",,,,,,,REPO27,"0000-00-00 00:00:00",Larry
19213,Earlylds,S17159,,,"Manuscript - Email Correspondence","Black, Harvey B.","6 Dec 2004, Monday",,,,"Finally, my step ggg grandmother was listed by the Winter Quarters Cemetery sexton as Elizabeth King but was born Elizabeth Warriner in Brattleboro, VT. (She later married to a Mr. White, a Mr. Keep and finally to my ggg grandfather Thomas King.  Thomas died in 1844 in Montrose before his wife arrived in Winter Quarters).  Elizabeth Warriner is not listed by her maiden name in any of the available lists or biographies.",,"0000-00-00 00:00:00",Larry
19214,Earlylds,S17160,,,"Manuscript - Volney King Collection",,,,,,,REPO22,"0000-00-00 00:00:00",Larry
19450,Earlylds,S17396,,,"USA - 1810 United States Census","US Census Bureau",,,,,,REPO8,"0000-00-00 00:00:00",Larry
20101,Earlylds,S18047,"Film #4450, Part 3",,"LDS - Nauvoo, Members, Record of, 1841-1845, who handed in certificates of membership",,,,,,,REPO4,"0000-00-00 00:00:00",Larry
20400,Earlylds,S18346,,,"Internet Link - ""A Tale of Searching For Roots""",,,,,,,REPO28,"0000-00-00 00:00:00",Larry
21070,Earlylds,S19016,,,"England - Marton in Craven, Yorkshire - Bishop's Transcripts 1600-1853","Church of England",,,,,,REPO49,"0000-00-00 00:00:00",Larry
23229,Earlylds,S21175,,,"Newspaper - Obituaries",,,,,,,,"0000-00-00 00:00:00",Larry
23230,Earlylds,S21176,,,"Family Research from Venita Parry, Provo, Utah 2007-01-14",,,,,,,,"0000-00-00 00:00:00",Larry
23231,Earlylds,S21177,"948 H25sjh",,"Periodical - Scandinavian Journal of History, 24 volumes","The Historical Associations of Denmark, Finland, Norway and Sweden","Stockholm : Almqvist & Wiksell, c1976-",,,,,REPO4,"0000-00-00 00:00:00",Larry
23232,Earlylds,S21178,,,"USA - 1910 United States Census","US Census Bureau",,,,,,REPO8,"0000-00-00 00:00:00",Larry
23233,Earlylds,S21179,,,"USA - 1920 United States Census","US Census Bureau",,,,,,REPO8,"0000-00-00 00:00:00",Larry
24945,Earlylds,S22891,,,"Book - John M. Browning, American Gunmaker","Browning, John and Gentry, Curt","New York: Doubleday, 1964",,,,,REPO2,"0000-00-00 00:00:00",Larry
26038,Earlylds,S23984,,,"Article - ""A Pioneer's Account Book""","Lambert, A. C.",,,,,,REPO2,"0000-00-00 00:00:00",Larry
26753,Earlylds,S24699,,,"Manuscript - Martha A. Tutttle Gardner","Gardner, Martha A. Tuttle",Autobiography,,,,,REPO2,"0000-00-00 00:00:00",Larry
27176,Earlylds,S25122,,,"Book - In Sacred Loneliness: The Plural Wives of Joseph Smith","Compton, Todd","Salt Lake City, Utah, Signature Books, 1997",,,,,REPO2,"0000-00-00 00:00:00",Larry
27177,Earlylds,S25123,,,"Manuscript - Papers of Emily Dow Partridge Young",,,,,,,REPO29,"0000-00-00 00:00:00",Larry
27406,Earlylds,S25352,,,"Internet Link - Mormons and Their Neighbors","Marvin Wiggins, Compiler","Brigham Young University, Provo, Utah, USA",,,,,REPO30,"2008-10-23 04:08:01",Larry
27729,Earlylds,S25675,,,"Article - ""Mormon Battalion Families, 'Adelia Miria Clemmons Gribble'""",,"Nauvoo Historical Records 1839-1846",,,,,REPO7,"0000-00-00 00:00:00",Larry
28416,Earlylds,S26362,,,"Internet Link - One World Tree",Ancestry.com,,,,,,REPO8,"2008-10-23 04:09:35",Larry
28702,Earlylds,S26648,,,"USA - Utah - Utah Marriage Index",,"Salt Lake Deseret News, 1850 to present",,,,,REPO31,"0000-00-00 00:00:00",Larry
29201,Earlylds,S27147,,,"USA - New York - New York Passenger Lists, 1851-1891",,,,,,,REPO8,"0000-00-00 00:00:00",Larry
29202,Earlylds,S27148,,,"England - 1861 England Census","The National Archives of the UK (TNA)","Original data: Census Returns of England and Wales, 1861.",,,,,REPO8,"0000-00-00 00:00:00",Larry
29203,Earlylds,S27149,"Film #424 and 425",,"Manuscript - Journal of Elias Smith of Salt Lake City","Elias Smith",,,,,,REPO4,"0000-00-00 00:00:00",Larry
29204,Earlylds,S27150,,,"Database - Utah, Obituary Index",,,,,,,REPO4,"0000-00-00 00:00:00",Larry
29205,Earlylds,S27151,,,"Internet Link - Western State Marriage Index, BYU-I",,,,,,,REPO17,"2008-10-23 04:14:10",Larry
29877,Earlylds,S27823,"FHL US/CAN Book 978.2278 D3n",,"USA - Nebraska - Nemaha County Nebraska",,,,,,,REPO4,"0000-00-00 00:00:00",Larry
29878,Earlylds,S27824,"FHL US/CAN Book 977.811a V3g",,"Book - Gone, But Not Forgotten.  Directory of the Deceased in Atchison County, Missouri",,,,,,,REPO4,"0000-00-00 00:00:00",Larry
29888,Earlylds,S27834,,,"Book - Biography and Family Record of Lorenzo Snow","Snow, Eliza Roxey Snow Smith",,,,,,REPO3,"0000-00-00 00:00:00",Larry
30237,Earlylds,S28183,"FHL US/CAN Film",,"Book - Benjamin Franklin Hall and Mary Serepta Lake : their ancestors and descendants","Hall, Foster V.","Spokane, Washington : F.V. Hall, c1996",,,,,REPO4,"0000-00-00 00:00:00",Larry
30742,Earlylds,S28688,"BX 8608 .A1a no.6059",,"Book - Archaeological investigations off the Lucius N. Scovil Bakery, Nauvoo, Illinois","Berge, Dale L.","Nauvoo Illinois, Nauvoo Restoration, Inc., 1978",,,,,REPO2,"0000-00-00 00:00:00",Larry
31000,Earlylds,S28946,"FHL #1036342 Item 2",,"Book - The Life of Thomas Steed from His Own Diary, 1826-1910","Thomas Steed",,,,,,REPO4,"0000-00-00 00:00:00",Larry
31006,Earlylds,S28952,"Layton, Utah: Tell My Story Pub., 2001. 1 v. (unpa",,"Book - Tell My Story Too: A Collection of Biographical Sketches of Pioneers and Rescuers of the Willie, Martin, Hodgett","Allphin, Jolene S.","Daughters of the Utah Pioneers,",,,,,REPO32,"0000-00-00 00:00:00",Larry
31174,Earlylds,S29120,,,"Book - Women of Nauvoo",,,,,,,REPO2,"0000-00-00 00:00:00",Larry
31692,Earlylds,S29638,"BX 8688.3 .D565fi 2004",,"Book - The First Wife","Diepeveen, Brenda Jensen",,,,,,REPO2,"0000-00-00 00:00:00",Larry
31693,Earlylds,S29639,"MSS Film 920 no.52",,"Manuscript - Biographical Sketch of Ephriam Henry Williams 1842-1919","Ephriam Henry Williams","Part of 1 Microfilm, 3 pages typescript",,,,,REPO2,"0000-00-00 00:00:00",Larry
31703,Earlylds,S29649,,,"Internet Link - Illinois State Archives",,,,,,,REPO33,"2008-10-23 04:02:27",Larry
31818,Earlylds,S29764,,,"Article - ""Suffering and Death on the Plains of Iowa""","Susan Easton Black","Brigham Young University Studies, Vol. 21, No. 4, Fall 1981",,,,,REPO2,"0000-00-00 00:00:00",Larry
32260,Earlylds,S30206,"921.73 An43j",,"Book - Journal of Truman Osborne Angell","Angell, Truman O.",1810-1887,,,,,REPO4,"0000-00-00 00:00:00",Larry
32261,Earlylds,S30207,,,"Article - ""William Weeks : Architect of the Nauvoo Temple""","Joseph Earl Arrington","Brigham Young University Studies, Vol. 19, No. 3, Spring 1979, p. 337-359",,,,,REPO34,"0000-00-00 00:00:00",Larry
32289,Earlylds,S30235,"FHL Film #  859998",,"USA - Massachusetts - Births, intentions, marriages, deaths, 1641-1843, 1768-1849","Woburn Massachusetts Town Clerk","Salt Lake City, Utah : Filmed by the Genealogical Society of Utah, 1972",,,,,REPO4,"0000-00-00 00:00:00",Larry
32290,Earlylds,S30236,"FHL Film # 902005",,"Manuscript - Births, marriages, and deaths, 1693-1805","Marlborough Massachusetts Town Clerk",,,,,,REPO4,"0000-00-00 00:00:00",Larry
32291,Earlylds,S30237,"929.273 Sn61sg",,"Book - The Richard Snow Family","George Burwell Snow","Long Beach, California : G.B. Snow",,,,,REPO4,"0000-00-00 00:00:00",Larry
32292,Earlylds,S30238,"974.29/C1 H2r",,"Book - History of Chesterfield, Cheshire County, New Hampshire","Oran E. Randall","Brattleboro, Vermont : D. Leonard, 1882",,,,,REPO4,"0000-00-00 00:00:00",Larry
34283,Earlylds,S32229,,,"Internet Link - Cann Family History",,,,,,,REPO35,"2008-10-23 03:54:22",Larry
34494,Earlylds,S32440,,,"Internet Link - Descendants of Wolphert Gerretse Van Kouwenhoven",,,,,,,,"2008-10-23 03:56:23",Larry
35125,Earlylds,S33071,,,"Article - ""The Richards Family""",,"Ensign, February 1992, Church of Jesus Christ of Latter-day Saints",,,,,REPO15,"0000-00-00 00:00:00",Larry
35295,Earlylds,S33241,"289.333 D293s",,"Book - The story of the church : a history of the Church of Jesus Christ of Latter Day Saints, and of its legal successor","Inez Smith DavisIndependence, Missouri : Herald Pub., 1948, c1943",,,,,,REPO4,"0000-00-00 00:00:00",Larry
35394,Earlylds,S33340,,,"England - 1851 England Census","The National Archives of the UK (TNA)","Original data: Census Returns of England and Wales, 1851.",,,,,REPO8,"0000-00-00 00:00:00",Larry
35395,Earlylds,S33341,,,"Database - Old Parochial Registers",,,,,,,REPO4,"0000-00-00 00:00:00",Larry
36941,Earlylds,S34887,,,"Book - American Genealogical Biographical Index, Book Series",,"New York Genealogical and Biographical Society",,,,,REPO8,"0000-00-00 00:00:00",Larry
38559,Earlylds,S36505,,,"Book - Daughters of the Utah Pioneers and their Mothers","Jakeman, James. T.","Western Album Publishing Company, 1916",,,,,REPO3,"0000-00-00 00:00:00",Larry
38638,Earlylds,S36584,,,"Book - Willie and Martin Handcart Companies",,,,,,,REPO3,"0000-00-00 00:00:00",Larry
39741,Earlylds,S37687,"Q 929.273 F534m",,"Book - The Lester Peirce & Lucy Dexter Fisher family","Jeneane C. Moeller, Barbara H. Hudson, Ada L. Collins",,,,,,REPO4,"0000-00-00 00:00:00",Larry
40225,Earlylds,S38171,"FHL Brit Film 104154",,"LDS - Kilwinning (Ayrshire, Scotland) Branch Records, 1857-1886","LDS Church",,,,,,REPO4,"0000-00-00 00:00:00",Larry
40227,Earlylds,S38173,,,"Database - Sons of the Utah Pioneers--Utah, Pioneer Companies",,,,,,,REPO8,"0000-00-00 00:00:00",Larry
40228,Earlylds,S38174,"US/CAN Film #26033",,"LDS - Hooper, Utah Ward Records","The Church of Jesus Christ of Latter-day Saints",,,,,,REPO4,"0000-00-00 00:00:00",Larry
40229,Earlylds,S38175,,,"USA - Utah - State Archives - Cache County, Utah Probate Files",,,,,,,REPO22,"0000-00-00 00:00:00",Larry
43350,Earlylds,S41296,,,"Manuscript - Journal of Daniel Wood",,1800-1882,,,,,REPO21,"0000-00-00 00:00:00",Larry
46214,Earlylds,S44160,"FHL Film#1475157",,"Germany - Family Register, Herrenberg, Germany","Lutheran Church",,,,,,REPO4,"0000-00-00 00:00:00",Larry
46570,Earlylds,S44516,,,"Periodical - The Lambert Family News, Rock Creek Illinois",,,,,,,,"0000-00-00 00:00:00",Larry
47019,Earlylds,S44965,,,"Book - Old Mormon Nauvoo and Southeastern Iowa","R.N. Holzapfel & T.J. Cottle",,,,,,,"0000-00-00 00:00:00",Larry
47049,Earlylds,S44995,,,"Database - Family Data Collection","Edmund West, compiler","Provo, UT: Ancestry.com, 2001",,,,,REPO8,"0000-00-00 00:00:00",Larry
48422,Earlylds,S46368,,,"Book - Joseph Smith: Rough Stone Rolling","Bushman, Richard Lyman","Alfred A. Knopf, New York, 2005",,,,,REPO2,"0000-00-00 00:00:00",Larry
48841,Earlylds,S46787,"FHL #026459",,"LDS - Springville (Utah) Ward Records","Church of Jesus Christ of Latter-day Saints",,,,,,REPO4,"0000-00-00 00:00:00",Larry
48859,Earlylds,S46805,,,"Manuscript - Brief Historical and Genealogical Sketches of the Earliest Proprietors and Pioneers of Lancaster Massachuset","Nourse, Henry Stedman, 1831-1903","Lancaster Collection",,,,,REPO36,"0000-00-00 00:00:00",Larry
48976,Earlylds,S46922,,,"USA - Massachusetts - Middlesex County Land Deed",,,,,,,REPO37,"0000-00-00 00:00:00",Larry
49966,Earlylds,S47912,,,"Canada - Ontario Register 1780's-1870's",,,,,,,REPO38,"0000-00-00 00:00:00",Larry
50353,Earlylds,S48299,"929.273 K58kd 1993",,"Book - The Two Volneys, Volney King 1847-1926 and Volney Emery King 1878-1962","King, Dwight L.","D. L. King, 1993",,,,,REPO4,"0000-00-00 00:00:00",Larry
50410,Earlylds,S48356,,,"USA - Louisiana - Vital Records","State of Louisiana",,,,,,,"0000-00-00 00:00:00",Larry
50411,Earlylds,S48357,,,"USA - Colorado - 1885 State Census of Colorado",,,,,,,REPO4,"0000-00-00 00:00:00",Larry
50412,Earlylds,S48358,"FHL US/CAN Book 973 M2Lp v. 4",,"Database - Colorado, Pensioners Jan 1883, Larimer County",,,,,,,REPO39,"0000-00-00 00:00:00",Larry
50413,Earlylds,S48359,,,"USA - Military Pension File","Veterans Administration",,,,,,REPO40,"0000-00-00 00:00:00",Larry
50414,Earlylds,S48360,,,"USA - 1930 United States Census","US Census Bureau",,,,,,REPO8,"0000-00-00 00:00:00",Larry
50415,Earlylds,S48361,,,"Book - City Directory",,,,,,,REPO4,"0000-00-00 00:00:00",Larry
50416,Earlylds,S48362,,,"Database - New York, New York Passenger Lists, 1851-1891",,,,,,,REPO8,"0000-00-00 00:00:00",Larry
50417,Earlylds,S48363,,,"USA - Veteran's Administration Pension Payment Card, 1907-1933","United States.  Veterans Administration",,,,,,REPO4,"0000-00-00 00:00:00",Larry
50466,Earlylds,S48412,FHL#104153,,"LDS - Johnstone, Scotland Branch Records",,,,,,,REPO4,"0000-00-00 00:00:00",Larry
50530,Earlylds,S48476,,,"USA - Minnesota - Hennepin County Minnesota Marriage licenses",,,,,,,REPO4,"0000-00-00 00:00:00",Larry
50531,Earlylds,S48477,,,"Internet Link - California, Online Death Index",,,,,,,REPO41,"2008-10-23 03:52:59",Larry
50567,Earlylds,S48513,FHL#026347,,"LDS - Provo Utah 1st Ward Records",,,,,,,REPO4,"0000-00-00 00:00:00",Larry
50569,Earlylds,S48515,,,"LDS - Genealogical Dept Archive Records",,,,,,,,"0000-00-00 00:00:00",Larry
50570,Earlylds,S48516,,,"LDS - Church Census",,,,,,,REPO2,"0000-00-00 00:00:00",Larry
50571,Earlylds,S48517,FHL#026466,,"LDS - Springville (Utah) 4th Ward Records","Church of Jesus Christ of Latter-day Saints",,,,,,REPO4,"0000-00-00 00:00:00",Larry
50575,Earlylds,S48521,,,"Book - Family Bible of Willis Kelsy Spafford",,,,,,,,"0000-00-00 00:00:00",Larry
50579,Earlylds,S48525,,,"Book - A Genealogical Record of John Spofford and Elizabeth Scott","Spofford, Jeremiah",1869,,,,,REPO42,"0000-00-00 00:00:00",Larry
50582,Earlylds,S48528,"FHL #25798 Items 1-5",,"LDS - Record of members, 1885-1941; annual genealogical report, Form E, 1907-1948","Church of Jesus Christ of Latter-day Saints, Annabella Ward, Sevier Stake (Utah)","Salt Lake City, Utah : Filmed by the Genealogical Society of Utah, 1952",,,,,REPO4,"0000-00-00 00:00:00",Larry
50587,Earlylds,S48533,,,"LDS - Deceased Members File","The Church of Jesus Christ of Latter-day Saints",,,,,,,"0000-00-00 00:00:00",Larry
50593,Earlylds,S48539,,,"USA - 1850 Census Mortality Index 1850 United States Census",,,,,,,,"0000-00-00 00:00:00",Larry
50600,Earlylds,S48546,,,"USA - 1790 United States Census",,,,,,,REPO8,"0000-00-00 00:00:00",Larry
50602,Earlylds,S48548,,,"Database - Gen Forum Message Posted by Janet Petrak",,,,,,,,"0000-00-00 00:00:00",Larry
50605,Earlylds,S48551,,,"Database - Canada, Ontario Cemetery Finding Aid",,http://www.islandnet.com/cgi-bin/ms2/jveinot/search,,,,,,"0000-00-00 00:00:00",Larry
50607,Earlylds,S48553,,,"USA - 1800 United States Census",,,,,,,REPO8,"0000-00-00 00:00:00",Larry
50616,Earlylds,S48562,"971.372 K2w",,"Book - Rev. John Stuart, Anglican parish register, baptisms - marriages - funerals, Kingston, Upper Canada, 1784 to 1811","Waller, Russ",1990,,,,,REPO4,"0000-00-00 00:00:00",Larry
50741,Earlylds,S48687,,,"Manuscript - Births, marriages, intentions of marriage, and deaths, 1694-1820","Cambridge Massachusetts Town Clerk","Salt Lake City, Utah : Filmed by the Genealogical Society of Utah, 1972",,,,,REPO4,"0000-00-00 00:00:00",Larry
50745,Earlylds,S48691,,,"Manuscript - Vital records, 1677-1905","Lexington Massachusetts Town Clerk","Salt Lake City, Utah : Filmed by the Genealogical Society of Utah, 1998",,,,,REPO4,"0000-00-00 00:00:00",Larry
50748,Earlylds,S48694,"FHL Film # 1036549 Item 1",,"Book - History of Woburn, Middlesex County, Mass","Sewall, Samuel 1652-1729","Boston : Wiggin and Lunt, 1868. 657 p.",,,,,REPO4,"0000-00-00 00:00:00",Larry
50756,Earlylds,S48702,"FHL Film # 758488",,"Manuscript - Marriages and intentions, births, deaths, 1694-1864","Westborough Massachusetts Town Clerk",,,,,,REPO4,"0000-00-00 00:00:00",Larry
50759,Earlylds,S48705,FHL#1430998,,"Newspaper - Janesville (Wisconsin) Gazette Obituary index, 1849-1894",,,,,,,REPO4,"0000-00-00 00:00:00",Larry
50762,Earlylds,S48708,,,"USA - Massachusetts - Records of the Governor and Company of the Massachusetts Bay in New England","ed. Nathaniel B. Shurtleff",,,,,,REPO43,"0000-00-00 00:00:00",Larry
50763,Earlylds,S48709,,,"USA - Massachusetts - Handbook of Woburn Houses and Landmarks",,,,,,,REPO37,"0000-00-00 00:00:00",Larry
50765,Earlylds,S48711,"FHL US/CAN Fiche 6008788",,"Book - History of Hudson, New Hampshire","Kimball Webster",1828,,,,,REPO4,"0000-00-00 00:00:00",Larry
50767,Earlylds,S48713,"974.44/W3 V3L",,"Manuscript - Woburn, Massachusetts, First Burial Ground : cemetery records [1700s-1800s]","Jamie LaPierre.",,,,,,REPO4,"0000-00-00 00:00:00",Larry
50843,Earlylds,S48789,,,"Internet Link - History of Irish Grove, Achison, Missouri",,,,,,,REPO44,"2008-10-23 03:58:58",Larry
50850,Earlylds,S48796,,,"Database - Biographical History of Atchison County, Missouri","Steples and Lane",1905,,,,,REPO39,"0000-00-00 00:00:00",Larry
50863,Earlylds,S48809,"US/CAN Book 929.273 Sn61sd",,"Book - Ancestors and Descendants of Frank H. and Ella Mae Snow","Snow, Darold Vernon","Adel, Iowa : Darold Vernon Snow, 1993?",,,,,REPO4,"0000-00-00 00:00:00",Larry
50866,Earlylds,S48812,,,"USA - Nebraska - Nemaha County, Nebraska, ""Burns Obituary""",,,,,,,REPO39,"0000-00-00 00:00:00",Larry
50871,Earlylds,S48817,,,"Internet Link - http://www.rootsweb.com/~okpayne/payne.htm",,,,,,,,"2008-10-23 04:01:48",Larry
50873,Earlylds,S48819,"977.8 A1 no. 162",,"Book - King City Missouri Cemetery",,"St. Joseph, Missouri : Northwest Missouri Genealogy Society, 1982",,,,,,"0000-00-00 00:00:00",Larry
50900,Earlylds,S48846,"FHL Film # 901881",,"Manuscript - Massachusetts, Billerica - births, marriages and deaths 1627-1834","Billerica, Massachusetts, Town Clerk",,,,,,REPO4,"0000-00-00 00:00:00",Larry
50902,Earlylds,S48848,,,"Article - ""The Brooks Family of Woburn""","Cutter, William","The New England Historical and Genealogical Register, Vol 58, p. 51, Jan 1904",,,,,REPO18,"0000-00-00 00:00:00",Larry
50903,Earlylds,S48849,,,"Article - ""Sampson Mason, the Baptist and Dragoon in Oliver Cromwell's Army""","Barton, Ira M.","The New England Historical and Genealogical Register, Vol. 18, July, 1864, p. 250-251",,,,,REPO18,"0000-00-00 00:00:00",Larry
50906,Earlylds,S48852,,,"Database - United States Obituary Collection",,"MyFamily.com, Inc., 2003",,,,,REPO8,"0000-00-00 00:00:00",Larry
50913,Earlylds,S48859,"974.44/C1 V2b",,"Book - Vital Records of Cambridge, Massachusetts, to the Year of 1850","Thomas W. Baldwin, compiler","Boston, Massachusetts : [Wright & Potter Print. Co.], 1914",,,,,REPO4,"0000-00-00 00:00:00",Larry
50914,Earlylds,S48860,"FHL Film # 1429813 Item 16",,"Book - Wyman Historic Genealogy","Wyman, Vincent D.","Washington [District of Columbia] : L.C. Photoduplication Service, 1985",,,,,REPO4,"0000-00-00 00:00:00",Larry
50921,Earlylds,S48867,,,"Internet Link - http://www.lofthouse.com/USA/Utah/washington/cemetery/pinevall.html",,,,,,,,"2008-10-23 04:00:45",Larry
50958,Earlylds,S48904,,,"Internet Link - Wikipedia, the Free Online Encyclopedia",,,,,,,,"2008-10-23 04:15:08",Larry
50984,Earlylds,S48930,"FHL US/CAN Film 893876",,"Manuscript - Births, marriages and intentions, and deaths, 1736 -1835. Index of births, marriages, and deaths, 1799- 1863","Burlington, Massachusetts Town Clerk",,,,,,REPO4,"0000-00-00 00:00:00",Larry
51152,Earlylds,S49098,,,"Internet Link - John McBride Belnap Pioneer Memorial",,,,,,,,"2008-10-23 04:05:09",Larry
52846,Earlylds,S50792,,,"USA - Military - Civil War Pension Index, 1861-1934","National Archives and Records Administration",,,,,,REPO8,"0000-00-00 00:00:00",Larry
53855,Earlylds,S51801,,,"Database - St Louis City Death Records, 1850-1908",,,,,,,REPO8,"0000-00-00 00:00:00",Larry
55642,Earlylds,S53588,,,"Internet Link - Iowa, Madison County Genweb site",,,,,,,REPO48,"2008-10-23 04:04:31",Larry
55722,Earlylds,S53668,,,"USA - Utah - Death Certificate","State of Utah, Department of Health",,,,,,REPO49,"0000-00-00 00:00:00",Larry
55723,Earlylds,S53669,,,"USA - Burial Records","Cemetery Sexton",,,,,,,"0000-00-00 00:00:00",Larry
55724,Earlylds,S53670,,,"USA - Utah - Marriage Certificate","State of Utah, Vital Statistics",,,,,,REPO49,"0000-00-00 00:00:00",Larry
55728,Earlylds,S53674,"979.221 H2d -  FHL US/CAN Book",,"Book -  Builders of Uintah : a centennial history of Uintah County, 1872 to 1947","
Daughters of Utah Pioneers. Uintah County Chapter, 1947",,,,,,REPO4,"0000-00-00 00:00:00",Larry
55731,Earlylds,S53677,,,"Book - Daughters of the Utah Pioneers Obituary Scrapbook",,,,,,,,"0000-00-00 00:00:00",Larry
55742,Earlylds,S53688,,,"Internet Link - Bureau of Land Management - General Land Office Records",,,,,,,REPO50,"2008-10-23 03:49:53",Larry
55764,Earlylds,S53710,,,"Database - World War I Civilian Draft registration","Selective Service System. Draft Registration Cards, 1917-1918","National Archives and Records Administration, 1987-1988. Microfilm Publications: M1509.",,,,,REPO8,"0000-00-00 00:00:00",Larry
55790,Earlylds,S53736,"979.221 H2bu -  FHL US/CAN Book",,"Book - Settlements of Uintah County : digging deeper","Burton, Doris Karren 1998",,,,,,REPO4,"0000-00-00 00:00:00",Larry
56126,Earlylds,S54072,,,"USA - Utah - Marriages in Utah Territory, 1850-1884, from the Deseret News 1850-1872 and Elias Smith Journals 1850-1884","Hansen, Judith W. , AG and Norma Lundberg, Compilers","UGA monograph Series, No.4, Published by Utah Genealogical Association, 1998.",,,,,REPO45,"0000-00-00 00:00:00",Larry
56127,Earlylds,S54073,,,"Book - Early Utah Pioneers:  Levi Hammon and Polly Chapman Bybee","Greenwell, Betsy Robena H.",,,,,,REPO46,"0000-00-00 00:00:00",Larry
56128,Earlylds,S54074,,,"Internet Link - Illinois Statewide Marriage Index, 1763-1900",,"Illinois State Archives",,,,http://www.cyberdriveillinois.com/departments/archives/databases/marriage.html,REPO47,"2014-10-20 13:39:43",Larry
56129,Earlylds,S54075,,,"England - Lancashire, Manchester Cathedral Parish Register 1607-1801","Church of England",,,,,,REPO49,"0000-00-00 00:00:00",Larry
56130,Earlylds,S54076,"977.8113 B38a",,"Book - Atchison County Journal, Rockport, Missouri, August 30, 1879 to December 31, 1882","Ostertag, John A., compiler","St. Joseph, Missouri : Missouri River Heritage Association, 1983",,,,,REPO4,"0000-00-00 00:00:00",Larry
56131,Earlylds,S54077,,,"Newspaper - Kingston Chronicles, Kingston, Ontario, Canada",,,,,,,,"0000-00-00 00:00:00",Larry
56132,Earlylds,S54078,"FHL Film # 751415",,"Manuscript - Births, marriages, deaths, intentions, 1663-1901","Mendon Massachusetts Town Clerk",,,,,,REPO4,"0000-00-00 00:00:00",Larry
56133,Earlylds,S54079,"FHL #861127",,"Manuscript - The earliest records of the town of Southborough: births, deaths and marriages, 1718-1796","Southborough Massachusetts Town Clerk",,,,,,REPO4,"0000-00-00 00:00:00",Larry
56134,Earlylds,S54080,"FHL Film #868435",,"Manuscript - Births, deaths, marriages 1645-1717 Births, deaths, marriages 1650-1780","Chelmsford, Massachusetts Town Clerk",,,,,,REPO4,"0000-00-00 00:00:00",Larry
56135,Earlylds,S54081,"977.8113 V2a",,"Book - Atchison County, Missouri marriages, 1863-1869","Northwest Missouri Genealogical Society","St. Joseph, Missouri : Northwest Missouri Geneal. Society, [19--]",,,,,REPO4,"0000-00-00 00:00:00",Larry
56136,Earlylds,S54082,"FHL Film #1275527",,"USA - Wisconsin - Rock County Registration of Marriages","Wisconsin, Bureau of Vital Statistics","Salt Lake City, Utah : Filmed by the Genealogical Society of Utah, 1979",,,,,REPO4,"0000-00-00 00:00:00",Larry
56137,Earlylds,S54083,,,"USA - Massachusetts Marriages 1633-1850",,,,,,,REPO8,"0000-00-00 00:00:00",Larry
56138,Earlylds,S54084,,,"Early Latter-day Saints Found in 1850 Pottawattamie County, Iowa","Harvey Black",,,"EarlyLDS Pottawattamie County 1850 Census",,,0,"2008-02-28 09:55:06",foxgen
56141,Earlylds,S54087,,,,,,,"LDS St.Geoge Temple 1877 Endowment",,,REPO2,"2009-11-13 00:49:18",hbb
56139,Earlylds,S54085,,,"Newspaper: Frontier Guardian","Gail Geo. Holmes",,,"Frontier Guardian",,"Extractions from the ""Frontier Guardian"" an newspaper published at Kanesville, today's Council Bluffs, Iowa.",0,"2008-11-23 01:48:07",foxgen
56142,Earlylds,S54088,,,"Book - Iowa Branches Members Index 1839 - 1859, Volumes I & II","Ronald G. Watt","Historical Departement of The Church of Jesus Christ of Latter-day Saints 1991.  Copyright LDS Church.",,"Book - Iowa Branches Members Index",,,,"2010-09-22 19:15:16",FoxGen
56143,Earlylds,S54089,,,"Database - New Family Search","The Church of Jesus Christ of Latter-day Saints",,,"Database - New Family Search",,,REPO1,"2010-09-30 19:10:14",FoxGen
56144,Earlylds,S54090,,,"Database - Mormon Pioneer Overland Travel, 1847 - 1868","The Church of Jesus Christ of Latter-day Saints",,,"Mormon Pioneer Overland Travel",,"http://lds.org/churchhistory/library/pioneercompanysearch/1,15773,3966-1,00.html ",0,"2010-11-27 14:34:42",FoxGen
56145,Earlylds,S54092,,,"LDS - FHL - 1917  Branch Records",,,,"LDS - FHL 1917 Branch Records",,,,"2011-07-27 16:42:20",Larry
56146,Earlylds,S54093,,,"LDS - Pottawattamie High Council Minutes",,,,"LDS - Pottawattamie High Council Minutes",,,,"2011-08-05 17:38:09",FoxGen
56147,Earlylds,S54094,,,"LDS - Pottawattamie High Priests Quorum Minutes",,,,"LDS - Pottawattamie High Priests Quorum Minutes",,,0,"2011-08-05 17:54:45",FoxGen
56148,Earlylds,S54095,"LR 4825 21",,"Blockhouse Iowa Branch Records",,,,"LDS - Blockhouse Iowa Branch Records",,,REPO21,"2012-11-17 12:34:26",Plewe
56149,Earlylds,S54096,"1923 pt6-7",,"LDS - Shirts/Buoyo Branch (Harrison, Iowa) Records",,,,"Shirts/Buoyo Branch Records",,,REPO4,"2012-11-17 18:52:18",Plewe
56150,Earlylds,S54097,"LR 5172 21-22",,"LDS - North Pigeon (Pottawattamie, Iowa) Branch Records",,,,"North Pigeon Branch Records",,,REPO21,"2012-11-17 18:53:19",Plewe
56151,Earlylds,S54098,"LR 4876 21, FHL 1922pt6",,"LDS - Council Point (Iowa) Branch Records",,,,"Council Point Iowa Branch Records",,,REPO21,"2012-11-21 22:02:03",Plewe
56152,Earlylds,S54099,"LR 5125 21",,"LDS - Little Pigeon (Iowa) Branch Records",,,,"Little Pigeon (Iowa) Branch Records",,,REPO21,"2012-11-22 01:10:49",Plewe
56153,Earlylds,S54100,"LR 4733 21",,"LDS - Honey Creek Branch (Iowa) Tithing Records",,,,"LDS - Honey Creek Branch (Iowa) Tithing Records",,,REPO21,"2012-12-05 13:46:06",Plewe
56154,Earlylds,S54101,"LR 9517 21",,"LDS - Rockyford Branch (Iowa) records",,,,"LDS - Rockyford Branch (Iowa) records",,,REPO21,"2012-12-05 14:08:08",Plewe
56155,Earlylds,S54102,"LR 5141 21-22",,"LDS - McOlney's Branch (Iowa) records",,,,"LDS - McOlney's Branch (Iowa) records",,,REPO21,"2012-12-05 23:49:28",Plewe
56156,Earlylds,S54103,"LR 5081 21-23",,"LDS - Kanesville Branch (Iowa) records",,,,"LDS - Kanesville Branch (Iowa) records",,,REPO21,"2012-12-06 00:33:19",Plewe
56157,Earlylds,S54104,"film 1923pt4",,"LDS - Lake Branch (Iowa) records",,,,"LDS - Lake Branch (Iowa) records",,,REPO4,"2012-12-06 01:07:24",Plewe
56158,Earlylds,S54105,"LR 11808 21-22, FHL film 1917pt6",,"LDS - Macedonia/Living Spring Branch (Iowa) records",,,,"LDS - Macedonia/Living Spring Branch (Iowa) records",,,REPO21,"2012-12-07 00:07:09",Plewe
56159,Earlylds,S54106,"LR 5162 21",,"LDS - Mill Branch (Iowa) records",,,,"LDS - Mill Branch (Iowa) records",,,REPO21,"2012-12-12 17:33:11",Plewe
56160,Earlylds,S54107,,,"Mount Pisgah, Union County, Iowa","Nancy McKay Harsh Chapter Creston, Iowa, DAR",,,"Mt. Pisgah Cemetery",,,0,"2013-06-21 12:20:50",FoxGen
56161,Earlylds,S54108,,,"Internet Link - Mount Pisgah, Union County, Iowa","Nancy McKay Harsh Chapter Creston, Iowa, DAR",,,"Mount Pisgah Cemetery",,,REPO52,"2013-06-21 12:55:22",FoxGen
56318,Earlylds,S160007,,,"Pedigree Resource File",,,,,,,,"0000-00-00 00:00:00",Larry
56316,Earlylds,S160005,,,"1850 United States Census",,,,,,,,"0000-00-00 00:00:00",Larry
56317,Earlylds,S160006,,,"International Genealogical Index",,,,,,,,"0000-00-00 00:00:00",Larry
56314,Earlylds,S160003,,,"Ancestral File",,,,,,,,"0000-00-00 00:00:00",Larry
56315,Earlylds,S160004,,,"Iowa Branches Members Index 1829 - 1859, Volumes I and II","Ronald G. Watt","Historical Department Church of Jesus Christ of Latter-day Saints 1991, Copyright LDS Chruch",,,,,,"0000-00-00 00:00:00",Larry
56313,Earlylds,S160002,,,"A Grave Experience at the Mormon Pioneer Winter Quarters Cemetery.","By Carlyle B. Jensen and Gail Geo. Holmes","Published by Authors October 1999",,,,,,"0000-00-00 00:00:00",Larry
56273,Earlylds,S54113,,,"New Family Search",,,,,,,REPO3,"0000-00-00 00:00:00",Larry
56312,Earlylds,S160001,,,"Iowa Branches Members Index 1829 - 1859, Volumes I and II","Ronald G. Watt","Historical Department Church of Jesus Christ of Latter-day Saints 1991, Copyright LDS Church",,,,,,"0000-00-00 00:00:00",Larry
56319,Earlylds,S160008,,,"Winter Quarters Wards Membership Lists 1846 - 1848","Historical Department Church of Jesus Christ of Latter-day Saints",,,,,,,"0000-00-00 00:00:00",Larry
56320,Earlylds,S160009,,,"Pioneer Mormon Overland Travels",,,,,,,,"0000-00-00 00:00:00",Larry
56321,Earlylds,S160010,,,"1860 United States Census",,,,,,,,"0000-00-00 00:00:00",Larry
56322,Earlylds,S160011,,,"Research from Harvey B. Black",,,,,,,,"0000-00-00 00:00:00",Larry
56323,Earlylds,S160013,,,"Pioneers and Prominent Men of Utah",,,,,,,,"0000-00-00 00:00:00",Larry
56324,Earlylds,S160014,,,"1860 US Census",,,,,,,,"0000-00-00 00:00:00",Larry
56325,Earlylds,S160015,,,"Susan Easton Black",,,,,,,,"0000-00-00 00:00:00",Larry
56326,Earlylds,S160016,,,"Reorganized Records","Susan Easton Black",,,,,,,"0000-00-00 00:00:00",Larry
56327,Earlylds,S160017,,,"Book - LDS Biographical Encyclopedia","Andrew Jenson",,,,,,,"0000-00-00 00:00:00",Larry
56328,Earlylds,S160018,,,"Coorrespondence, Email, Monday, December 6, 2004. In pocession of Terry Latey Pioneer Research Group Data Master.","Harvey B. Black",,,,,"""Finally, my step ggg grandmother was listed by the Winter Quarters Cemetery sexton as Elizabeth King but was born Elizabeth Warriner in Brattleboro, VT. (She later married to a Mr. White, a Mr. Keep and finally to my ggg grandfather Thomas King.  Thomas died in 1844 in Montrose before his wife arrived in Winter Quarters).  Elizabeth Warriner is not listed by her maiden name in any of the available lists or biographies.""",,"0000-00-00 00:00:00",Larry
56329,Earlylds,S160019,,,"Family Group Record, Isaac Morley and Lucy Gunn, FamilySearch Ancestral File",,,,,,,REPO2,"0000-00-00 00:00:00",Larry
56330,Earlylds,S160020,,,"Omaha's Historic Prospect Hill Cemetery","Baumann, Martin, Simpson","Prospect Hill Cemetery Historical Site Development Foundation and The Greater Omaha Genealogical Society",,"Prospect Hill Cemetery",,,REPO3,"0000-00-00 00:00:00",Larry
56331,Earlylds,S1,,,"Book - A Brief sketch of the life of David Foote",,"Genealogical Society of Utah",,,,,REPO3,"2015-04-28 15:57:36",Larry
